{
"meta":{"test_sets":[],"test_metrics":[],"learn_metrics":[{"best_value":"Min","name":"RMSE"}],"launch_mode":"Train","parameters":"","iteration_count":100,"learn_sets":["learn"],"name":"experiment"},
"iterations":[
{"learn":[115.1929467],"iteration":0,"passed_time":0.06284034702,"remaining_time":6.221194355,,
{"learn":[104.6696929],"iteration":1,"passed_time":0.1008194713,"remaining_time":4.94015409,,,
{"learn":[95.17060597],"iteration":2,"passed_time":0.1388635189,"remaining_time":4.4899204,
,,,
{"learn":[87.20628717],"iteration":3,"passed_time":0.1632625924,"remaining_time":3.9183,
{,,
,
{"learn":[79.75247484],"iteration":4,"passed_time":0.2023388404,"remaining_time":3.8444,,
{,
,
{"learn":[73.1673308],"iteration":5,"passed_time":0.2291233545,"remaining_time":3.58959,,
{,
{"learn":[67.18691329],"iteration":6,"passed_time":0.2567975157,"remaining_time":3.411738,,
{,
{"learn":[61.89347261],"iteration":7,"passed_time":0.2928273557,"remaining_time":3.367514,,
,
{"learn":[57.02940151],"iteration":8,"passed_time":0.3293951085,"remaining_time":3.3305505,,
{"learn":[53.05461295],"iteration":9,"passed_time":0.398099893,"remaining_time":3.582899037,,
{,
{"learn":[48.96587547],"iteration":10,"passed_time":0.4094236185,"remaining_time":3.31260,
,
{,
{"learn":[45.62654761],"iteration":11,"passed_time":0.4479829765,"remaining_time":3.28520,
,,
{"learn":[41.88876727],"iteration":12,"passed_time":0.51799034,"remaining_time":3.466550737,,
{"learn":[39.22418674],"iteration":13,"passed_time":0.5579792457,"remaining_time":3.42758679,
,
{,
{"learn":[37.57059215],"iteration":14,"passed_time":0.5902502056,"remaining_time":3.3447511,,
,
{"learn":[35.4455499],"iteration":15,"passed_time":0.6348383206,"remaining_time":3.332901,
,
,
{"learn":[33.52889671],"iteration":16,"passed_time":0.6760274544,"remaining_time":3.300604,
,,
{"learn":[31.80016646],"iteration":17,"passed_time":0.7275097635,"remaining_time":3.314211,,
,
{"learn":[29.84354263],"iteration":18,"passed_time":0.7928518688,"remaining_time":3.3800527,,
,,
{"learn":[28.93304772],"iteration":19,"passed_time":0.8398878713,"remaining_time":3.35955,
{,
,
{"learn":[27.83376253],"iteration":20,"passed_time":0.9924042127,"remaining_time":3.73333013,
,
{"learn":[26.78774965],"iteration":21,"passed_time":1.062902974,"remaining_time":3.76847417,
,
{"learn":[25.87782771],"iteration":22,"passed_time":1.110405299,"remaining_time":3.71744382,
,
{"learn":[25.0797099],"iteration":23,"passed_time":1.146958372,"remaining_time":3.632034,
{,,
{"learn":[24.36765746],"iteration":24,"passed_time":1.181809436,"remaining_time":3.545428,
{,,
{"learn":[23.66446192],"iteration":25,"passed_time":1.215336835,"remaining_time":3.459035,
{,
{"learn":[22.6484429],"iteration":26,"passed_time":1.280265529,"remaining_time":3.46145865,
,
{"learn":[22.09660682],"iteration":27,"passed_time":1.359941003,"remaining_time":3.496991,
,,
{"learn":[21.54563926],"iteration":28,"passed_time":1.415301015,"remaining_time":3.4650473,,
,
{"learn":[21.02564893],"iteration":29,"passed_time":1.467331115,"remaining_time":3.423772,
,
,
{"learn":[20.62955789],"iteration":30,"passed_time":1.518947744,"remaining_time":3.380883,,
{,
{"learn":[20.16752582],"iteration":31,"passed_time":1.575977714,"remaining_time":3.3489,
{,
{,
{"learn":[19.84428449],"iteration":32,"passed_time":1.636135156,"remaining_time":3.3218,
,
{"learn":[19.02797758],"iteration":33,"passed_time":1.673301299,"remaining_time":3.24817310,
,
{"learn":[18.60917926],"iteration":34,"passed_time":1.73190799,"remaining_time":3.216400553,,
{"learn":[18.33064347],"iteration":35,"passed_time":1.825840246,"remaining_time":3.245938215,,
{"learn":[18.11531632],"iteration":36,"passed_time":1.892615075,"remaining_time":3.222560804,,
{"learn":[17.83542319],"iteration":37,"passed_time":1.964243917,"remaining_time":3.204819023,,
{"learn":[17.56459179],"iteration":38,"passed_time":2.040388846,"remaining_time":3.191377426,,
{"learn":[17.29837551],"iteration":39,"passed_time":2.096886214,"remaining_time":3.145329322,,
{"learn":[17.12748456],"iteration":40,"passed_time":2.173073283,"remaining_time":3.127105455,,
{"learn":[16.95400475],"iteration":41,"passed_time":2.218728365,"remaining_time":3.06395821,
,
{"learn":[16.75308321],"iteration":42,"passed_time":2.256699628,"remaining_time":2.99143904,
,
{"learn":[16.60892053],"iteration":43,"passed_time":2.300728009,"remaining_time":2.9281992,
{,
{"learn":[16.40562046],"iteration":44,"passed_time":2.332050197,"remaining_time":2.85028,
{"l,
{"learn":[16.26342365],"iteration":45,"passed_time":2.376621153,"remaining_time":2.789946571},
{"learn":[16.12712406],"iteration":46,"passed_time":2.408906998,"remaining_time":2.71642,
{"l,
{"learn":[16.00252578],"iteration":47,"passed_time":2.444526957,"remaining_time":2.648,
{"lea,
{"learn":[15.89582159],"iteration":48,"passed_time":2.481188131,"remaining_time":2.582,
{"lea,
{"learn":[15.81076426],"iteration":49,"passed_time":2.546367818,"remaining_time":2.5,
{"learn,
{"learn":[15.67749416],"iteration":50,"passed_time":2.601056605,"remaining_time":2.4,
{"learn,
{"learn":[15.59617633],"iteration":51,"passed_time":2.704552679,"remaining_time":2.496510165,,
{"learn":[15.49871325],"iteration":52,"passed_time":2.753147114,"remaining_time,
{"learn":[1,,
{"learn":[15.43900166],"iteration":53,"passed_time":2.802785404,"remaining_time,
{"learn":[1,,
{"learn":[15.3201221],"iteration":54,"passed_time":2.837246218,"remaining_time",
{"learn":[1,
{"learn":[15.26015945],"iteration":55,"passed_time":2.871577533,"remaining_time,
{"learn":[1,
{"learn":[15.17966948],"iteration":56,"passed_time":2.933019317,"remaining_time",
{"learn":[1,
{"learn":[15.11387339],"iteration":57,"passed_time":2.993720387,"remaining_time",
{"learn":[1,
{"learn":[15.05057289],"iteration":58,"passed_time":3.048023069,"remaining_time,
{"learn":[15,
{"learn":[14.94826544],"iteration":59,"passed_time":3.086459584,"remaining_time,
{"learn":[15,
{"learn":[14.87575808],"iteration":60,"passed_time":3.14765568,"remaining_time,
{"learn":[15.33997234],"iteration":61,"passed_time":3.229002326,"remaining_time":1.979065942},
{"learn":[15.27891267],"iteration":62,"passed_time":3.290045316,"remaining_time":1.932248837},
{"learn":[15.17974382],"iteration":63,"passed_time":3.424492531,"remaining_time":1.926277049},
{"learn":[15.11420135],"iteration":64,"passed_time":3.498346638,"remaining_time":1.883725113},
{"learn":[15.07528319],"iteration":65,"passed_time":3.54765268,"remaining_time":1.827578653},
{"learn":[15.02775069],"iteration":66,"passed_time":3.608815641,"remaining_time":1.77747636},
{"learn":[14.96994223],"iteration":67,"passed_time":3.69088325,"remaining_time":1.736886235},
{"learn":[14.92357114],"iteration":68,"passed_time":3.767691118,"remaining_time":1.692730792},
{"learn":[14.84477699],"iteration":69,"passed_time":3.81643258,"remaining_time":1.635613963},
{"learn":[14.77677307],"iteration":70,"passed_time":3.855331074,"remaining_time":1.574712692},
{"learn":[14.73797308],"iteration":71,"passed_time":3.896734654,"remaining_time":1.51539681},
{"learn":[14.70873411],"iteration":72,"passed_time":3.938291661,"remaining_time":1.456628422},
{"learn":[14.65867241],"iteration":73,"passed_time":3.976490448,"remaining_time":1.397145293},
{"learn":[14.59905059],"iteration":74,"passed_time":4.01774707,"remaining_time":1.339249023},
{"learn":[14.57034572],"iteration":75,"passed_time":4.052312212,"remaining_time":1.279677541},
{"learn":[14.5187044],"iteration":76,"passed_time":4.104675719,"remaining_time":1.226071968},
{"learn":[14.47951076],"iteration":77,"passed_time":4.142581622,"remaining_time":1.168420458},
{"learn":[14.43313515],"iteration":78,"passed_time":4.198597263,"remaining_time":1.116082817},
{"learn":[14.39851293],"iteration":79,"passed_time":4.258639002,"remaining_time":1.064659751},
{"learn":[14.35188024],"iteration":80,"passed_time":4.309776563,"remaining_time":1.010935243},
{"learn":[14.29999427],"iteration":81,"passed_time":4.362758035,