iter	RMSE
0	115.1929467
1	104.669692922	95.1706059733	87.2062871744	79.75247485	5	73.167330866	67.1869132977	61.8934726188	57.029401519	53.05461295
110	48.96587547111	45.62654761112	41.88876727113	39.22418674114	37.57059215115	35.4455499116	33.52889671117	31.800166418118	29.8435421919	28.93304772220	27.83376253
21	26.78774965
22	25.87782771
23	25.0797092424	24.36765742525	23.6644619262626	22.6484427227	22.09660282228	21.54563229229	21.02564330330	20.62955331331	20.16732	19332	19.84433	1933	19.027934	1934	18.609135	1935	18.330636	1836	18.115337	1837	17.835438	1838	17.564539	1839	17.298340	1740	17.127441	1741	16.954042	1442	16.753043	1443	16.608944	1444	16.40545	16445	16.26342365446	16.12747	16447	16.0048	164848	15.8949	164949	15.8150	16.350	15.6751	165151	15.59617635252	153	15.9635353	154	15.8965454	155	15.811555	1556	15.757656	1557	15.705757	1558	15.649258	1559	15.539659	1460	15.419460	161	15.33997234
62	15.27891267
63	15.17974382
64	15.11420135
65	15.07528319
66	15.02775069
67	14.96994223
68	14.92357114
69	14.84477699
70	14.77677307
71	14.73797308
72	14.70873411
73	14.65867241
74	14.59905059
75	14.57034572
76	14.5187044
77	14.47951076
78	14.43313515
79	14.39851293
80	14.35188024
81	14.29999427
82	14.26382	14.83	14.22483	13.84	14.17484	13.85	14.15385	13.86	14.12294629
87	14.08303485
88	14.03996064
89	14.00316007
90	13.97697421
91	13.93431587
92	13.90847954
93	13.85728809
94	13.83115752
95	13.80424109
96	13.78096848
97	13.76199885
98	13.72944968
99	13.70761874
45961172

